<?xml version="1.0" encoding="utf-8"?>
<rss version="2.0" xmlns:dc="http://purl.org/dc/elements/1.1/" xmlns:atom="http://www.w3.org/2005/Atom"><channel><title>Цветок</title><link>https://example.com/galleries/2/rss.xml</link><description></description><language>ru</language><lastBuildDate>Mon, 15 Mar 2021 05:06:07 GMT</lastBuildDate><generator>https://getnikola.com/</generator><docs>http://blogs.law.harvard.edu/tech/rss</docs><item><title>Ягода</title><link>https://example.com/galleries/2/Ягода.jpg</link><enclosure url="https://example.com/galleries/2/Ягода.jpg" length="224765" type="image/jpeg"></enclosure><guid isPermaLink="false">galleries/2/Ягода.jpg</guid><pubDate>Thu, 18 Jun 2020 16:14:45 GMT</pubDate></item><item><title>Малинка</title><link>https://example.com/galleries/2/Малинка.jpg</link><enclosure url="https://example.com/galleries/2/Малинка.jpg" length="255069" type="image/jpeg"></enclosure><guid isPermaLink="false">galleries/2/Малинка.jpg</guid><pubDate>Tue, 07 Jul 2020 16:26:37 GMT</pubDate></item><item><title>Роза</title><link>https://example.com/galleries/2/Роза.jpg</link><enclosure url="https://example.com/galleries/2/Роза.jpg" length="139521" type="image/jpeg"></enclosure><guid isPermaLink="false">galleries/2/Роза.jpg</guid><pubDate>Wed, 03 Mar 2021 01:21:46 GMT</pubDate></item><item><title>Цветок</title><link>https://example.com/galleries/2/Цветок.jpg</link><enclosure url="https://example.com/galleries/2/Цветок.jpg" length="259921" type="image/jpeg"></enclosure><guid isPermaLink="false">galleries/2/Цветок.jpg</guid><pubDate>Wed, 03 Mar 2021 01:21:47 GMT</pubDate></item></channel></rss>