<?xml version="1.0" encoding="utf-8"?>
<?xml-stylesheet type="text/xsl" href="../assets/xml/rss.xsl" media="all"?><rss version="2.0" xmlns:dc="http://purl.org/dc/elements/1.1/" xmlns:atom="http://www.w3.org/2005/Atom"><channel><title>Вело, Фото и другое (Записи о вело)</title><link>https://example.com/</link><description></description><atom:link href="https://example.com/categories/velo.xml" rel="self" type="application/rss+xml"></atom:link><language>ru</language><copyright>Contents © 2021 &lt;a href="mailto:peleng99@yandex.ru"&gt;Ольга&lt;/a&gt; </copyright><lastBuildDate>Mon, 15 Mar 2021 04:51:31 GMT</lastBuildDate><generator>Nikola (getnikola.com)</generator><docs>http://blogs.law.harvard.edu/tech/rss</docs><item><title>Познавательный блог</title><link>https://example.com/posts/poznavatelnyi-blog/</link><dc:creator>Ольга</dc:creator><description>&lt;div&gt;&lt;img alt="/images/Улыбка.jpg" src="https://example.com/images/%D0%A3%D0%BB%D1%8B%D0%B1%D0%BA%D0%B0.jpg"&gt;
&lt;p&gt;Страницы:&lt;/p&gt;
&lt;ul class="simple"&gt;
&lt;li&gt;&lt;p&gt;&lt;a class="reference external" href="http://map.lib48.ru/index.php/personalii/zhili-prebyvali-v-lipetskom-krae/59-gorky-a-m"&gt;Писатетели родного края&lt;/a&gt;&lt;/p&gt;&lt;/li&gt;
&lt;li&gt;&lt;p&gt;&lt;a class="reference external" href="https://example.com/galleries/1/"&gt;Фото&lt;/a&gt;&lt;/p&gt;&lt;/li&gt;
&lt;li&gt;&lt;p&gt;&lt;a class="reference external" href="https://example.com/galleries/2/"&gt;Фото&lt;/a&gt;&lt;/p&gt;&lt;/li&gt;
&lt;/ul&gt;
&lt;p&gt;Писать &lt;a class="reference external" href="https://vk.com/eleng81"&gt;туда&lt;/a&gt;&lt;/p&gt;&lt;/div&gt;</description><category>вело</category><category>фото</category><guid>https://example.com/posts/poznavatelnyi-blog/</guid><pubDate>Mon, 15 Mar 2021 03:48:01 GMT</pubDate></item></channel></rss>