<?xml version="1.0" encoding="utf-8"?>
<rss version="2.0" xmlns:dc="http://purl.org/dc/elements/1.1/" xmlns:atom="http://www.w3.org/2005/Atom"><channel><title>Мост гдето</title><link>https://example.com/galleries/1/rss.xml</link><description></description><language>ru</language><lastBuildDate>Mon, 15 Mar 2021 05:06:07 GMT</lastBuildDate><generator>https://getnikola.com/</generator><docs>http://blogs.law.harvard.edu/tech/rss</docs><item><title>Тишина и покой</title><link>https://example.com/galleries/1/тишина и покой.jpg</link><enclosure url="https://example.com/galleries/1/тишина и покой.jpg" length="120177" type="image/jpeg"></enclosure><guid isPermaLink="false">galleries/1/тишина и покой.jpg</guid><pubDate>Fri, 22 Jul 2016 16:40:18 GMT</pubDate></item><item><title>Цветик</title><link>https://example.com/galleries/1/Цветик.jpg</link><enclosure url="https://example.com/galleries/1/Цветик.jpg" length="34446" type="image/jpeg"></enclosure><guid isPermaLink="false">galleries/1/Цветик.jpg</guid><pubDate>Fri, 01 Jun 2018 13:54:28 GMT</pubDate></item><item><title>День города</title><link>https://example.com/galleries/1/День_города.jpg</link><enclosure url="https://example.com/galleries/1/День_города.jpg" length="85059" type="image/jpeg"></enclosure><guid isPermaLink="false">galleries/1/День_города.jpg</guid><pubDate>Sat, 14 Jul 2018 13:04:58 GMT</pubDate></item><item><title>День города1</title><link>https://example.com/galleries/1/День_города1.jpg</link><enclosure url="https://example.com/galleries/1/День_города1.jpg" length="87522" type="image/jpeg"></enclosure><guid isPermaLink="false">galleries/1/День_города1.jpg</guid><pubDate>Sat, 14 Jul 2018 13:06:05 GMT</pubDate></item><item><title>День города2</title><link>https://example.com/galleries/1/День_города2.jpg</link><enclosure url="https://example.com/galleries/1/День_города2.jpg" length="79070" type="image/jpeg"></enclosure><guid isPermaLink="false">galleries/1/День_города2.jpg</guid><pubDate>Sat, 14 Jul 2018 13:06:12 GMT</pubDate></item><item><title>День города3</title><link>https://example.com/galleries/1/День_города3.jpg</link><enclosure url="https://example.com/galleries/1/День_города3.jpg" length="88201" type="image/jpeg"></enclosure><guid isPermaLink="false">galleries/1/День_города3.jpg</guid><pubDate>Sat, 14 Jul 2018 13:06:17 GMT</pubDate></item><item><title>День города4</title><link>https://example.com/galleries/1/День_города4.jpg</link><enclosure url="https://example.com/galleries/1/День_города4.jpg" length="82694" type="image/jpeg"></enclosure><guid isPermaLink="false">galleries/1/День_города4.jpg</guid><pubDate>Sat, 14 Jul 2018 13:06:20 GMT</pubDate></item><item><title>День города5</title><link>https://example.com/galleries/1/День_города5.jpg</link><enclosure url="https://example.com/galleries/1/День_города5.jpg" length="87311" type="image/jpeg"></enclosure><guid isPermaLink="false">galleries/1/День_города5.jpg</guid><pubDate>Sat, 14 Jul 2018 13:06:46 GMT</pubDate></item><item><title>Мост гдето</title><link>https://example.com/galleries/1/Мост_гдето.jpg</link><enclosure url="https://example.com/galleries/1/Мост_гдето.jpg" length="141251" type="image/jpeg"></enclosure><guid isPermaLink="false">galleries/1/Мост_гдето.jpg</guid><pubDate>Mon, 03 Aug 2020 16:11:52 GMT</pubDate></item></channel></rss>